IMIĘ_PIERWSZE,LICZBA_WYSTĄPIEŃ
JAN,1075102
STANISŁAW,940345
PIOTR,810379
ANDRZEJ,743547
KRZYSZTOF,732753
JÓZEF,688433
TOMASZ,579473
PAWEŁ,571975
MICHAŁ,557944
ADAM,486874
TADEUSZ,478307
MARCIN,474584
MAREK,455703
JERZY,450009
GRZEGORZ,425299
JAKUB,421168
HENRYK,399793
ZBIGNIEW,397368
ŁUKASZ,396548
KAZIMIERZ,384119
WOJCIECH,383709
MATEUSZ,382061
RYSZARD,366134
MARIAN,338826
DARIUSZ,318620
WŁADYSŁAW,314864
MARIUSZ,311069
FRANCISZEK,288832
ANTONI,288002
ROBERT,285198
MACIEJ,281416
RAFAŁ,275457
JACEK,264770
JANUSZ,260456
KAMIL,255292
ROMAN,247049
DAWID,238973
MIROSŁAW,235796
SZYMON,234636
EDWARD,225463
MIECZYSŁAW,222630
KACPER,220039
SŁAWOMIR,215782
JAROSŁAW,214761
WIESŁAW,213874
CZESŁAW,209217
BARTOSZ,203441
ZDZISŁAW,203422
STEFAN,201561
ARTUR,201523
KAROL,195235
ALEKSANDER,192812
SEBASTIAN,191388
DAMIAN,189076
PATRYK,182007
DANIEL,175294
PRZEMYSŁAW,172948
EUGENIUSZ,164327
ZYGMUNT,161694
FILIP,159028
LESZEK,157396
ADRIAN,150317
WALDEMAR,145367
ARKADIUSZ,144144
BOGDAN,142378
MIKOŁAJ,137731
DOMINIK,136855
WIKTOR,131748
BARTŁOMIEJ,127791
KRYSTIAN,116711
RADOSŁAW,107931
KONRAD,100929
BRONISŁAW,96735
HUBERT,93364
WACŁAW,92683
BOLESŁAW,90283
ZENON,89518
BOGUSŁAW,88729
WŁODZIMIERZ,87981
WITOLD,87051
LEON,86762
IGOR,83120
IRENEUSZ,79239
OSKAR,72186
SYLWESTER,71020
MAKSYMILIAN,68316
MARCEL,68300
JULIAN,63889
MIŁOSZ,59304
EDMUND,58417
IGNACY,55343
OLEKSANDR,51926
OLIWIER,49197
NIKODEM,48989
CEZARY,48953
ALAN,48016
NORBERT,45401
FELIKS,42948
LUDWIK,41865
GABRIEL,40317
LECH,40302
EMIL,36873
BERNARD,36788
LUCJAN,35616
SERHII,34825
BŁAŻEJ,34091
ERYK,33016
FABIAN,32763
ANDRII,32301
TYMOTEUSZ,31597
VOLODYMYR,30938
ALOJZY,30746
ALFRED,29173
TYMON,29070
ROMUALD,27365
SZCZEPAN,26390
WINCENTY,23798
DMYTRO,22966
IVAN,21541
REMIGIUSZ,21078
KSAWERY,20605
MYKOLA,19744
GERARD,19561
NATAN,19356
VITALII,19100
IHOR,18396
VASYL,18357
TEODOR,17835
LEONARD,17709
BORYS,17687
OLAF,17476
BOGUMIŁ,17366
YURII,17200
KAJETAN,16953
SEWERYN,16773
MAKSYM,16636
ALBERT,16482
JOACHIM,16141
OLEH,15907
LESŁAW,15694
BOHDAN,15619
KONSTANTY,15510
ADOLF,15282
ALFONS,15140
WALENTY,14941
KUBA,14720
VIKTOR,14645
GRACJAN,14419
MYKHAILO,14398
RUDOLF,14377
ERNEST,14333
TOBIASZ,14034
BENEDYKT,13503
HIERONIM,13105
BRUNO,13001
FLORIAN,11919
KORNEL,11280
JULIUSZ,11059
VLADYSLAV,11045
OLIVIER,10852
OLEKSII,10681
ZYGFRYD,10562
RAJMUND,10555
AUGUSTYN,10535
JĘDRZEJ,10333
ALEXANDER,10044
RUSLAN,10031
TEOFIL,9878
LEOPOLD,9426
ALEX,9330
ALBIN,9163
GUSTAW,9090
BRUNON,8638
ALEKSY,8511
DAVID,8460
KLAUDIUSZ,8303
PAVLO,8058
WILHELM,8042
FRYDERYK,7850
DENYS,7730
ERWIN,7703
ANATOLII,7694
ARTEM,7686
VADYM,7619
ALEKS,7565
DORIAN,7315
MARCELI,7264
WALERIAN,6881
YAROSLAV,6867
CYPRIAN,6797
PETRO,6792
OLIVER,6726
MARTIN,6618
NATANIEL,6512
YEVHEN,6398
HERBERT,6364
KLEMENS,6301
DENIS,6143
MICHAEL,5840
VALERII,5800
SERGIUSZ,5786
ALIAKSANDR,5760
BRAJAN,5745
ANTON,5604
YEVHENII,5591
SAMUEL,5578
TARAS,5556
MIESZKO,5473
ANDREI,5346
MILAN,5299
WALTER,4958
FERDYNAND,4893
KEVIN,4847
GINTER,4821
WAWRZYNIEC,4774
HELMUT,4754
IWO,4732
EMILIAN,4723
ANATOL,4719
ARIEL,4715
OLEG,4675
BENIAMIN,4649
VIACHESLAV,4640
IZYDOR,4522
BAZYLI,4470
ROLAND,4433
STANISLAV,4400
EDWIN,4346
KORDIAN,4327
OLGIERD,4283
LONGIN,4273
JEREMI,4115
SIARHEI,4104
KOSTIANTYN,3942
EMANUEL,3825
WERNER,3789
SERGII,3732
ARNOLD,3680
AMADEUSZ,3671
PATRICK,3552
MAXIMILIAN,3535
LECHOSŁAW,3528
DZMITRY,3473
STEPAN,3398
MANFRED,3333
THOMAS,3332
VALENTYN,3266
KEWIN,3244
VICTOR,3226
DIONIZY,3130
OSCAR,3129
EWALD,3060
ŁUCJAN,3050
MAURYCY,3035
NICOLAS,3034
NAZAR,3003
OLIWER,2993
HORST,2936
ILLIA,2869
BONIFACY,2832
ANDRIY,2772
GERHARD,2749
EDUARD,2742
PETER,2714
LEONID,2603
OKTAWIAN,2602
PAVEL,2588
LEO,2558
HERONIM,2548
MARK,2511
KORNELIUSZ,2484
JEREMIASZ,2475
MIRON,2462
ROCH,2445
KRYSPIN,2436
KASPER,2335
JACENTY,2330
TYTUS,2276
ELIGIUSZ,2251
JONASZ,2244
ZIEMOWIT,2222
CHRISTIAN,2217
DYMITR,2197
NATHAN,2189
BENJAMIN,2147
JONATAN,2112
ELIASZ,2105
HIPOLIT,2082
XAVIER,1991
WIT,1982
IURII,1977
JACOB,1966
PAUL,1961
NIKOLAS,1948
HUGO,1937
ROSTYSLAV,1937
MAX,1936
YURIY,1882
ALIAKSEI,1872
ZBYSŁAW,1871
APOLINARY,1856
ARON,1836
PATRYCJUSZ,1798
AUGUST,1766
VITALI,1753
YURY,1743
ULADZIMIR,1725
KSAWIER,1717
DANYLO,1713
MAKSIM,1658
MATTHEW,1644
MAKS,1643
MYKYTA,1638
ANDREAS,1628
BENON,1615
PHILIP,1613
HENNADII,1605
NAZARII,1605
YAUHENI,1601
GIORGI,1558
HILARY,1550
EUZEBIUSZ,1543
CHRISTOPHER,1542
KYRYLO,1538
ZENOBIUSZ,1514
JOHN,1509
IDZI,1493
ANTHONY,1477
MYKHAYLO,1451
MIKHAIL,1444
MARCO,1436
CYRYL,1424
VIKTAR,1416
ION,1413
IHAR,1396
KURT,1390
HERMAN,1383
ALEH,1376
RAFAEL,1369
KASJAN,1360
SIMON,1348
JAROMIR,1345
ZBYSZEK,1342
MOHAMED,1302
HRYHORII,1298
ALI,1290
VLADIMIR,1282
BRIAN,1269
VITALIY,1268
REINHOLD,1267
KLAUS,1250
VINCENT,1240
SERHIY,1238
DONAT,1227
JONATHAN,1227
RICHARD,1221
NICHOLAS,1217
NIKITA,1216
OREST,1200
RADOMIR,1196
MIKALAI,1181
KOSMA,1180
ANTONIO,1179
YEHOR,1173
ENGELBERT,1171
WOLFGANG,1166
LUBOMIR,1152
BAZYL,1149
NARCYZ,1146
DANIIL,1143
WILLIAM,1134
ROGER,1124
ZBYSZKO,1121
MYROSLAV,1083
WALERY,1079
RAJNOLD,1068
DENNIS,1063
ULADZISLAU,1058
TELESFOR,1046
WITALIS,1046
ALEKSANDR,1044
DIETER,1044
LUKAS,1043
MARKUS,1028
VALERY,1024
LUCAS,1012
LEONARDO,1006
RUFIN,1005
ERIC,1001
DZIANIS,997
SVIATOSLAV,997
JORDAN,992
JAMES,980
JANUARY,968
LUDOMIR,966
FELICJAN,962
ANDREW,960
AARON,950
FRANK,950
SERGHEI,947
ANATOLI,946
MARIO,943
OTTO,933
BOGUSZ,930
LIUBOMYR,927
DYONIZY,915
PASCAL,908
DIEGO,897
DOMINIC,897
ERIK,890
AHMED,887
SERGIY,876
OSWALD,875
ARTHUR,874
KRYSTYN,873
BRAYAN,869
MIHAIL,864
ALEXANDR,862
HANS,862
JOSEPH,855
VADZIM,854
RAMAN,849
ANASTAZY,844
WASYL,832
CARLOS,822
FRANCESCO,793
MARKO,793
ALLAN,791
EDGAR,789
JUSTYN,788
EWARYST,787
JUAN,786
AURELIUSZ,785
LUCA,784
MATTEO,784
BRYAN,779
MAXIM,772
DAVYD,767
SERAFIN,767
ALESSANDRO,765
APOLONIUSZ,764
ALEXANDRU,763
IVO,761
NATHANIEL,755
HEINZ,743
GWIDON,740
JOSE,735
YAN,723
ALEXANDRE,719
MANUEL,718
AMIR,713
FEDIR,713
JUREK,705
ZACHARIASZ,704
MEHMET,703
ARTSIOM,702
LIAM,699
LUIS,698
AMBROŻY,697
JOSHUA,695
OMAR,689
ILYA,688
JAKOB,688
GNIEWOMIR,686
CELESTYN,685
ANATOLIY,681
RYAN,681
EUSTACHY,674
VASILE,670
ROBERTO,667
MAXYMILIAN,666
OTTON,664
NICOLAE,660
POLIKARP,659
IEVGEN,657
KARIM,654
COLIN,652
IAN,644
CHRYSTIAN,637
REINHARD,637
MEDARD,635
ARMIN,631
FELIX,629
DAMAZY,626
WIACZESŁAW,623
MUSTAFA,620
JUSTIN,619
HARALD,618
NOAH,618
JOSEF,616
MOHAMMAD,614
ARSEN,612
MATTHIAS,611
ANDREA,608
GEORG,605
MUHAMMAD,605
GEORGE,599
PHILIPP,598